﻿<?xml version="1.0" encoding="utf-8"?>
<Symbolconfiguration xmlns="http://www.3s-software.com/schemas/Symbolconfiguration.xsd">
  <Header>
    <Version>3.5.14.0</Version>
    <SymbolConfigObject version="3.5.15.30" runtimeid="3.5.15.40" libversion="3.5.15.20" compiler="3.5.15.40" lmm="3.5.15.0" profile="CODESYS V3.5 SP15 Patch 4+" settings="SupportOPCUA, LayoutCalculator=OptimizedClientSideLayoutCalculator" />
    <ProjectInfo name="Projekt_3_Kuligowski" devicename="Device" appname="Application" />
  </Header>
  <TypeList>
    <TypeSimple name="T_BOOL" size="1" swapsize="0" typeclass="Bool" iecname="BOOL" />
    <TypeSimple name="T_TIME" size="4" swapsize="4" typeclass="Time" iecname="TIME" />
    <TypeUserDef name="T_RS" size="3" nativesize="8" typeclass="Userdef" pouclass="FUNCTION_BLOCK" iecname="RS">
      <UserDefElement iecname="SET" type="T_BOOL" byteoffset="0" vartype="VAR_INPUT" />
      <UserDefElement iecname="RESET1" type="T_BOOL" byteoffset="1" vartype="VAR_INPUT" />
      <UserDefElement iecname="Q1" type="T_BOOL" byteoffset="2" vartype="VAR_OUTPUT" />
    </TypeUserDef>
    <TypeUserDef name="T_R_TRIG" size="2" nativesize="8" typeclass="Userdef" pouclass="FUNCTION_BLOCK" iecname="R_TRIG">
      <UserDefElement iecname="CLK" type="T_BOOL" byteoffset="0" vartype="VAR_INPUT" />
      <UserDefElement iecname="Q" type="T_BOOL" byteoffset="1" vartype="VAR_OUTPUT" />
    </TypeUserDef>
    <TypeUserDef name="T_SFCStepType" size="16" nativesize="16" typeclass="Userdef" pouclass="STRUCTURE" iecname="SFCStepType">
      <UserDefElement iecname="x" type="T_BOOL" byteoffset="0" vartype="VAR" />
      <UserDefElement iecname="t" type="T_TIME" byteoffset="4" vartype="VAR" />
      <UserDefElement iecname="_x" type="T_BOOL" byteoffset="8" vartype="VAR" />
      <UserDefElement iecname="_t" type="T_TIME" byteoffset="12" vartype="VAR" />
    </TypeUserDef>
    <TypeUserDef name="T_TON" size="16" nativesize="28" typeclass="Userdef" pouclass="FUNCTION_BLOCK" iecname="TON">
      <UserDefElement iecname="IN" type="T_BOOL" byteoffset="0" vartype="VAR_INPUT" />
      <UserDefElement iecname="PT" type="T_TIME" byteoffset="4" vartype="VAR_INPUT" />
      <UserDefElement iecname="Q" type="T_BOOL" byteoffset="8" vartype="VAR_OUTPUT" />
      <UserDefElement iecname="ET" type="T_TIME" byteoffset="12" vartype="VAR_OUTPUT" />
    </TypeUserDef>
    <TypeUserDef name="T_SFCActionControl" size="116" nativesize="204" typeclass="Userdef" pouclass="FUNCTION_BLOCK" iecname="SFCActionControl">
      <UserDefElement iecname="N" type="T_BOOL" byteoffset="0" vartype="VAR_INPUT" />
      <UserDefElement iecname="R0" type="T_BOOL" byteoffset="1" vartype="VAR_INPUT" />
      <UserDefElement iecname="S0" type="T_BOOL" byteoffset="2" vartype="VAR_INPUT" />
      <UserDefElement iecname="L" type="T_BOOL" byteoffset="3" vartype="VAR_INPUT" />
      <UserDefElement iecname="D" type="T_BOOL" byteoffset="4" vartype="VAR_INPUT" />
      <UserDefElement iecname="P" type="T_BOOL" byteoffset="5" vartype="VAR_INPUT" />
      <UserDefElement iecname="SD" type="T_BOOL" byteoffset="6" vartype="VAR_INPUT" />
      <UserDefElement iecname="DS" type="T_BOOL" byteoffset="7" vartype="VAR_INPUT" />
      <UserDefElement iecname="SL" type="T_BOOL" byteoffset="8" vartype="VAR_INPUT" />
      <UserDefElement iecname="T" type="T_TIME" byteoffset="12" vartype="VAR_INPUT" />
      <UserDefElement iecname="Q" type="T_BOOL" byteoffset="16" vartype="VAR_OUTPUT" />
      <UserDefElement iecname="S_FF" type="T_RS" byteoffset="17" vartype="VAR" />
      <UserDefElement iecname="L_TMR" type="T_TON" byteoffset="20" vartype="VAR" />
      <UserDefElement iecname="D_TMR" type="T_TON" byteoffset="36" vartype="VAR" />
      <UserDefElement iecname="P_TRIG" type="T_R_TRIG" byteoffset="52" vartype="VAR" />
      <UserDefElement iecname="SD_TMR" type="T_TON" byteoffset="56" vartype="VAR" />
      <UserDefElement iecname="SD_FF" type="T_RS" byteoffset="72" vartype="VAR" />
      <UserDefElement iecname="DS_FF" type="T_RS" byteoffset="75" vartype="VAR" />
      <UserDefElement iecname="DS_TMR" type="T_TON" byteoffset="80" vartype="VAR" />
      <UserDefElement iecname="SL_FF" type="T_RS" byteoffset="96" vartype="VAR" />
      <UserDefElement iecname="SL_TMR" type="T_TON" byteoffset="100" vartype="VAR" />
    </TypeUserDef>
    <TypeUserDef name="T_SFCActionType" size="128" nativesize="216" typeclass="Userdef" pouclass="STRUCTURE" iecname="SFCActionType">
      <UserDefElement iecname="x" type="T_BOOL" byteoffset="0" vartype="VAR" />
      <UserDefElement iecname="_x" type="T_BOOL" byteoffset="1" vartype="VAR" />
      <UserDefElement iecname="t" type="T_TIME" byteoffset="4" vartype="VAR" />
      <UserDefElement iecname="_t" type="T_TIME" byteoffset="8" vartype="VAR" />
      <UserDefElement iecname="AC" type="T_SFCActionControl" byteoffset="12" vartype="VAR" />
    </TypeUserDef>
  </TypeList>
  <NodeList>
    <Node name="Application">
      <Node name="PLC_PRG">
        <Node name="_Praca" type="T_SFCActionType" access="ReadWrite" />
        <Node name="_silownik_A" type="T_SFCActionType" access="ReadWrite" />
        <Node name="_silownik_B" type="T_SFCActionType" access="ReadWrite" />
        <Node name="_wsuw_A" type="T_SFCActionType" access="ReadWrite" />
        <Node name="_wsuw_B" type="T_SFCActionType" access="ReadWrite" />
        <Node name="_wysuw_A" type="T_SFCActionType" access="ReadWrite" />
        <Node name="_wysuw_B" type="T_SFCActionType" access="ReadWrite" />
        <Node name="Branch0__Init__to__Step2" type="T_BOOL" access="ReadWrite" />
        <Node name="Branch1__Init__to__Step1" type="T_BOOL" access="ReadWrite" />
        <Node name="Init" type="T_SFCStepType" access="ReadWrite" />
        <Node name="Praca" type="T_BOOL" access="Read" />
        <Node name="RS_0" type="T_RS" access="ReadWrite" />
        <Node name="RS_1" type="T_RS" access="ReadWrite" />
        <Node name="RS_2" type="T_RS" access="ReadWrite" />
        <Node name="RS_3" type="T_RS" access="ReadWrite" />
        <Node name="schowany_A" type="T_BOOL" access="ReadWrite" />
        <Node name="schowany_B" type="T_BOOL" access="ReadWrite" />
        <Node name="silownikA" type="T_TON" access="ReadWrite" />
        <Node name="Step1" type="T_SFCStepType" access="ReadWrite" />
        <Node name="Step1__to__Step3" type="T_BOOL" access="ReadWrite" />
        <Node name="Step2" type="T_SFCStepType" access="ReadWrite" />
        <Node name="Step2__to__Step4" type="T_BOOL" access="ReadWrite" />
        <Node name="Step3" type="T_SFCStepType" access="ReadWrite" />
        <Node name="Step3__to__Step8" type="T_BOOL" access="ReadWrite" />
        <Node name="Step4" type="T_SFCStepType" access="ReadWrite" />
        <Node name="Step4__to__Step5" type="T_BOOL" access="ReadWrite" />
        <Node name="Step5" type="T_SFCStepType" access="ReadWrite" />
        <Node name="Step5__to__Step6" type="T_BOOL" access="ReadWrite" />
        <Node name="Step6" type="T_SFCStepType" access="ReadWrite" />
        <Node name="Step6__to__Init" type="T_BOOL" access="ReadWrite" />
        <Node name="Step8" type="T_SFCStepType" access="ReadWrite" />
        <Node name="Step8__to__Step9" type="T_BOOL" access="ReadWrite" />
        <Node name="Step9" type="T_SFCStepType" access="ReadWrite" />
        <Node name="Step9__to__Init" type="T_BOOL" access="ReadWrite" />
        <Node name="timer_A" type="T_BOOL" access="ReadWrite" />
        <Node name="timer_wsuwA" type="T_TON" access="ReadWrite" />
        <Node name="timer_wsuwB" type="T_TON" access="ReadWrite" />
        <Node name="timer_wysuwA" type="T_TON" access="ReadWrite" />
        <Node name="timer_wysuwB" type="T_TON" access="ReadWrite" />
        <Node name="wsuw_A" type="T_BOOL" access="ReadWrite" />
        <Node name="wsuw_B" type="T_BOOL" access="ReadWrite" />
        <Node name="Wybor_Cyklu" type="T_BOOL" access="ReadWrite" />
        <Node name="wysunienty_A" type="T_BOOL" access="ReadWrite" />
        <Node name="wysunienty_B" type="T_BOOL" access="ReadWrite" />
        <Node name="wysuw_A" type="T_BOOL" access="ReadWrite" />
        <Node name="wysuw_B" type="T_BOOL" access="ReadWrite" />
        <Node name="X" type="T_BOOL" access="ReadWrite" />
      </Node>
    </Node>
  </NodeList>
</Symbolconfiguration>